Nom dolmen;Lieu, autres noms;Commune ;IGN;OSM;Etat;Lat. N (°);Long. E (°);UTM Nord;UTM Est;Vérif.;Classement;Tumulus;Orthostats;Table;Remarques;Pages Web;T4T35;Mahenc;Photos;Explications
D. de Viroulou 5;Pech 5 ou Causse bas A;Alvignac;;;;44.84222;1.67333;;;;;;;;;;;;;
D. de Viroulou 6;Pech 6 ou Causse haut A;Alvignac;;;;44.84167;1.67611;;;;;;;;;;;;;
D. de Viroulou 3;Pech 3 ou Causse bas B;Alvignac;;;;44.84083;1.67333;;;;;;;;;;;;;
D. de Viroulou 1;Pech 1;Alvignac;;;;44.84028;1.68083;;;;;;;;D. à vestibule;;Descr;T1 p74;;
D. de Viroulou 4;Pech 4 ou Causse bas C;Alvignac;;;;44.84028;1.67083;;;;;;;;D. à vestibule;;Descr;T1 p72;;
D. de Viroulou 2;Pech 2 ou causse haut B;Alvignac;;;;44.83972;1.67528;;;;;;;;;;;;;
D. Mons 3;;Assier;-;+;T C;44.683730 ;1.858260;4948452;409520;;;oui;oui;oui;;;Descr;T1 p160;;C : dalle de couverture présente. (C): couverture déplacée
D. Mons 2;;Assier;+;+;T C;44.6820 ;1.8560;4948262;409338;;;oui;oui;oui;;;Descr;T1 p157;;T : Tumulus
D. Les Vaysses;;Assier;-;;;44.67900;1.8670;4947917;410205;;;?;;?;;;;;;O : Orthostats
D. Mons 1;Champ de bel Air;Assier;+;+;T C;44.67890 ;1.86170;4947911;409785;;;oui;oui;oui;;wiki;Descr;T1 p154;;ro : restes orthostats
D. de Mérigou;;Assier;;+;;44.67870;1.86370;4947887;409943;;;;;;;;;;;
D. du Bois des Bœufs;;Assier;+;+;T C;44.67740;1.85620;4947751;409347;;classé MH;oui;oui;oui;;Garivals;Descr;T1 p164;oui;IGN : + = porté sur carte IGN
D. de Garivals;D. Chemin des Combals;Assier;+;+;T C;44.67570;1.85440;4947564;409201;;;oui;oui;oui;;Garivals;Descr;T1 p168;oui;OSM : + = porté sur carte Openstreetmap
D. la Table de Roux;;Assier;+;+;C;44.6690 ;1.8580;4946816;409476;;;non;oui;oui;;Roux;Descr;T1 p166;oui;Majuscule : élément de grande taille
D. du Pech Roussel;;Assier;+;+;?;44.65436 ;1.88361;4945162;411484;;;?;?;?;Jamais trouvé;;Descr;;;Minuscule : élément de petite taille
D. du Causse de Magre;;Assier;+;+;;44.65129;1.87756;4944827;411000;;;;;;;;;;;ok : Vérification personnelle de la position
Tumulus;;Béduer;;+;T;44.57996;1.911286;4936867;413568;ok;;oui;;;;;;;;Photos : photos personnelles du site
D. de Sabin;;Béduer;-;+;TO;44.56667 ;1.90268;4935400;412865;ok;;oui;oui;non;;;;T2 p158;;Le tri est fait par commune du Nord au Sud
D. de Martignes ;;Béduer;+;+;C;44.56944;1.90865;4935347;446095;;;non;oui;oui;;Martignes;Descr;T2 p172;oui;
D. de Combe Salgues;Peyro Grondo ;Béduer;-;+;TO;44.56423 ;1.93496;4935095;415425;ok;;oui;2;non;;wiki;;T2 p157;oui;Références :
D. les Justices 2 ;;Béduer;-;+;O;44.56246 ;1.92939;4934905;414980;ok;;non;2 petits;non;Bord de chemin;wiki;;;oui;http://www.megalithic.co.uk/search.php?country=6&county=546
D. les Justices 3;;Béduer;-;+;O;44.56233 ;1.92984;4934890;415015;ok;;non;2;non;;wiki;;T2 p174;oui;http://t4t35.fr/Megalithes/Default.aspx
D. Cloup de Coutze;Peyres Grèzes ;Béduer;-;+;tO;44.56220 ;1.92350;4934882;414512;ok;;restes;2;non;;Clottes;Descr;T2 p167;oui;http://openstreetmap.fr/
D. du Pech Roussille ;;Béduer;-;+;C;44.56175 ;1.91360;4934842;413725;ok;;non;oui;oui;;;Descr;T2 p162;oui;https://fr.wikipedia.org/wiki/Sites_mégalithiques_du_Lot
Tumulus de Peyres Grèzes;;Béduer;-;+;T;44.56157 ;1.92116;4934814;414325;ok;;oui;;;;;;;;http://www.wikiwand.com/fr/Sites_mégalithiques_du_Lot
D. les Justices 1 ;;Béduer;-;+;tro;44.56141 ;1.92909;4934788;414954;ok;;restes;1;non;Bord de chemin;wiki;;;oui;http://thierry.maillard.pagesperso-orange.fr/fr/services/issendolus/sites.htm
D. Lei Barto ;Lissard ;Béduer;-;+;tO;44.56136 ;1.93342;4934778;415300;ok;;restes;oui;non;;wiki;Descr;T2 p176;oui;Livres de Monique Mahenc : promenades mégalithiques en Quercy
D. des Garrigues ;Lissard ;Béduer;-;+;C;44.56089 ;1.94172;4934717;415956;ok;;non;oui;oui;Petit dolmen;wiki;;T2 p169;oui;
D. mas Perdut ;;Béduer;-;;ro;44.55970 ;1.92718;4934600;414800;;;non;?;non;Bord de route ?;;;;;
D. des Baillères ;La Bouillague;Béduer;-;+;T C;44.55142 ;1.93664;4933671;415540;;;oui;oui;oui;;;Descr;;oui;
D. du Pouget (Bullac 1) ;Les Pouzets ;Boussac;-;+;tO;44.59485 ;1.90322;4938530;412950;ok;;restes;2;non;Dans murette;;Descr;T2 p60;oui;
D. Mas Grézac (le Noble);Champ de Palabre;Boussac;-;+;C;44.58085;1.91394;4936963;413780;ok;;non;oui;oui;;;Descr;T2 p69;oui;
D. Mas de Brézat;Mas de Bézac (Clottes);Boussac;-;+;t c;44.5845 ;1.91234;4937370;413658;ok;;restes;2 inégaux;déplacée ?;Table cassée ;;;T2 p67;oui;
D. Mas de Brézac;;Boussac;;;2x2O;;;;;;;;4;non;Double (pech);;;;;
D. les Tuillières;;Boussac;;;1o;;;;;;;restes;1;non;Sommet pech;;;;;
D. Fourques basses;;Brengues;+;+;T C;44.60625 ;1.80985;4939900;405558;;;oui;oui;oui;;wiki;Descr;T2 p102;oui;
D. de Lapeyrière;;Brengues;-;+;T C;44.60180 ;1.82180;4939392;406499;;;oui;oui;oui;;wikipedia;;T2 p98;;
D. des Fourques hautes;;Brengues;-;+;C;44.592300 ;1.821800;4938337;406484;;;non;oui;oui;;Clottes;;T2 p94;;
D. du Cayrou Gros;;Brengues;-;+;T C;44.55707 ;1.84286;4934400;408100;;;oui;oui;oui;;;;T2 p93;;
D. du Pré de Linar;;Brengues;+;+;T C;44.55549 ;1.84233;4934225;408055;;;oui;invisibles;petite;Petit dolmen;;Descr;T2 p90;;
D. du Puech des Agars;;Brengues;;;;;;;;;;;;;;;;;;
D. du Pech de la Barre;;Cabrerets;-;;TO;44.50935;1.59104;4929413;388009;;;oui;oui;non;2 Dolmens;;Descr;;;
D. du Pech de Tibouyé (C);;Cabrerets;-;;TO;44.5069 ;1.65528;4929055;393110;;;oui;oui;non;Vestibule;;Descr;;;
D. du Mas d'Arjac n°1;Montclar (pech d'Alcayre);Cabrerets;+;;T C;44.50291 ;1.67474;4928587;394650;;inscrit MH;oui;oui;oui;;wikipedia;Descr;T2 p148;;
D. des 4 routes;;Cabrerets;;;TO;;;;;;;oui;oui;non;2è chambre;;;;;
D. du Poech de Bétaille;;Cabrerets;;;TO;;;;;;;oui;oui;non;;;;;;
D. du Pech de la Rominière;;Cabrerets;;;T1O;;;;;;;oui;1;?;Morceau table ?;;;;;
D. du Pech Gibert;;Cabrerets;;;TO;;;;;;;oui;oui;non;Long tumulus;;;;;
D. du Pech Gourié;;Cabrerets;;;t O;;;;;;;restes;oui;non;;;;;;
D. du Pech Mayrès;;Cabrerets;;;t O;;;;;;;restes;oui;non;;;;;;
D. du Mas d'Arjac n°2;;Cabrerets;;;TO;;;;;;;oui;oui;non;;;;;;
D. du Communal;;Cadrieu;-;+;tC;44.51561;1.88059;4929752;411033;ok;;restes;oui;oui;O. couché;;;T2 p282;oui;
D. du mas de Gentou;D. de Pradines;Cadrieu;-;+;TO;44.50533;1.88150;4928610;411090;ok;;oui;oui;non;Vestibule;;Descr;T2 p278;oui;
D. du Camp de Bouyssou;;Cajarc;;+;1O(c);44.52537;1.87070;4930848;410262;ok;;non;1;morceau ?;;PLU_Cajarc;;;;
Verdier 1;Verdier bas ?;Cajarc;-;;;44.517501 ;1.853208;4929993;408860;;;;;;Douteux;;;;;
Menhir du Verdier;;Cajarc;;;;44.51701;1.86186;4929929;409547;;;;;;Pilier de grange;;;T2 p294;oui;
D. du Verdier 1;Mas de Tardieu;Cajarc;-;+;CT;44.516643;1.864426;4929885;409750;ok;;oui;1 couché;oui;2 chambres;wikipedia;Desc;T2 p289;oui;
D. du Verdier 3;;Cajarc;-;;C;44.51457;1.85194;4929668;408754;;;;1 + murette;oui;;wikipedia;Descr;T2 p298;;
D.de pech Perdit ;;Cajarc;-;+;C;44.51385;1.86863;4929570;410080;ok;;non;oui;oui;couverture cassée;;;T2 p292;oui;
D. du Verdier 2;Verdier Bas;Cajarc;-;+;TC;44.51040;1.85189;4929205;408744;ok;;oui;invisibles;cassée;Très remanié;Clottes Lorblanchet;Descr;T2 p300;;
D. de la Peyro Lebado;La Deille, Faysse;Cajarc;-;+;to(c);44.50330;1.831789;4928440;407135;ok;;restes;1 ?;déplacée;ruine;;;T2 p302;oui;
D. Camp d'Inou Tou 1;D. de Bourriou 1, pech Berty;Cajarc;-;+;TO;44.50169 ;1.86308;4928226;409620;ok;;oui;oui;non;;wiki;Desc;T2 p287;oui;
D. Camp d'Inou Tou 3;D. de Bourriou 4;Cajarc;-;+;1o,T;44.50103 ;1.86383;4928151;409679;ok;;oui;1;non;ruine;;Desc;;oui;
D. Camp d'Inou Tou 2;D. de Bourriou 2;Cajarc;-;+;TO;44.50078 ;1.86531;4928122;409796;ok;;oui;oui;non;;;Desc;;oui;
D.du Pech Boule;;Cajarc;;;;44.49508;1.80462;4927558;404962;;;;;;pos. approchée;PLU_Cajarc;;;;
D. des Escabasses;D. du Roc Rouge;Cajarc;;+;to(c);44.49200;1.82565;4927191;406630;ok;;restes;couchés;déplacée;;PLU_Cajarc;;;oui;
D. de la Plogne;;Cajarc;-;+;C;44.48648;1.82947;4926574;406924;ok;;non;oui;oui;gariote;;;T2 p304;oui;
D. de Cabouy;;Cajarc;;;;;;;;;;;;;;;;;;
D. de Faysse;;Cajarc;;;;;;;;;;;;;;;;;;
D. du Verdier bas;Les Grésals;Cajarc;;;tO;;;;;;;restes;oui;non;;;;;;
D. de Bouriou;Bourriou 3 ?;Cajarc;;;;;;;;;;;;;;;;;;
D.de Peyre Gagès;;Calvignac;;;C;44.44333;1.77778;4921841;402742;;;non;oui;oui;;wiki;Desc;T2 p314;;
D. de la Pièce Grande;D. Pech Linar 2;Calvignac;;;;44.43778;1.79472;4921204;404081;;;;;;;;Descr;;;
D. de Commun;D. du Pech Grillé;Calvignac;;;tO(c);44.43278;1.7775;4920669;402702;;;restes;oui ;déplacée;;wiki;Descr;T2 p318;;
D. d'Aubiac;D. des Quatre-Routes;Calvignac;;;C;44.43028;1.81417;4920349;405617;;;;oui ;oui;2 dolmens;;Descr;T2 p310;;
D. du Mas-del-Duc 1;D. de Peyrelevade (no 1);Calvignac;;;C;44.42306;1.78361;4919582;403172;;;non;oui ;oui;;;Descr;T2 p320;;
D. du Mas-del-Duc 2;D. du Pech Gayral (no 2);Calvignac;;;C;44.42278;1.785;4919550;403283;;;non;oui ;cassée;;;Descr;T2 p323;;
D. de Ruscou;Ruscou;Cambes;-;+;1O;44.62903 ;1.89858;4942330;412630;ok;;non;2, 1 visible;non;Au milieu du pré;Puy-Blanc;;;oui;
D. le Communal;Ruscou;Cambes;-;+;T,1O;44.62770 ;1.90291;4942180;412970;ok;;oui;1 visible;non;Murette au chevet;Puy-Blanc;;;oui;
D. du Pournel;Causse de la gare;Cambes;-;+;tO;44.62616 ;1.91077;4942000;413596;ok;;restes;2;non;;Puy-Blanc;;;oui;
D. de Pierre Levée;Causse de la gare;Cambes;-;+;TO;44.62565 ;1.90668;4941948;413270;ok;inscrit MH;gros;1 visible;non;Gros tumulus;Puy-Blanc;Descr;;oui;
Tumulus;;Cambes;;+;T;44.62463;1.90657;4941835;413260;ok;;oui;;;;;;;;
D. Igue de Planagrèze;Pana Grèze;Caniac;+;+;C;44.63551 ;1.66296;4943331;393955;;;non;oui;oui;;wiki;Descr;T1 p234;oui;
D. du pech des Places;;Caniac;;;TO;;;;;;;oui;oui;non;;;;;;
D. Peyro Lebado;;Caniac;;;t(c);;;;;;;oui;non;?;;;;;;
D. de Cavarroc;;Carayac;-;+;TO;44.54192 ;1.91595;4932638;413882;ok;;oui;2;non;;wiki;;T2 p184;oui;
D. du Pech de la Curado;Bourrou;Carayac;-;+;t C;44.53033 ;1.92425;4931340;414530;ok;;restes;2, un écroulé;oui;;wiki;Descr;T2 p180;oui;
D. de Campayroux;;Carayac;;;tO;;;;;;;restes;2, un écroulé;non;chemin;;;;;
D. de Brillayre;;Carennac;;;TO;;;;;;;oui;oui;non;;;;;;
D. des Igues de Magnagues;;Carennac;;;TO;44.88722;1.748056;4971184;401134;;;oui;4O;non;D. double;;Descr;;;
D. du Pech de Gabat;;Carennac;;;TO(C);;;;;;;oui;oui;déplacée;;;;;;
Dolmens du Noutary;D. Lacroix;Carennac;;;TC;44.9025;1.708611;4972930;398046;;;oui;;oui;8 dolmens;Lacroix ;Descr;T1 p302;;
Dolmens du Noutary;;Carennac;;;TO;44.90639;1.706389;4973365;397878;;;oui;oui;non;;Lacroix ;Descr;T1 p302;;
D. du Pech de Souly;;Carennac;;;TO;;;;;;;oui;oui;;3 D.;;;;;
D. du Mas de Labat 2;;Cénevières;+;+;t C;44.44472 ;1.73253;4922050;399144;;inscrit MH;restes;oui;oui;;wiki;Descr;T2 p342;;
D. du Mas de Labat 1;;Cénevières;-;;O;44.44354 ;1.73119;4921921;399035;;;non;oui;non;;;Descr;T2 p346;;
D. du pech Mill;;Cénevières;;;to;;;;;;;traces;oui;non;;;;;;
D. de Peyrelongue;Fourgous;Corn;-;+;T C;44.61705 ;1.89965;4941000;412700;;;oui;oui;oui;Sous chemin communal;Clottes;;T2 p74;;
D. du Pech d'Arsou;;Corn;-;+;to;44.61100 ;1.87867;4940350;411026;;;petit;dégradés;non;ruine;Clottes;Descr;T2 p77;oui;
D. de Bullac 2;;Corn;-;+;TO;44.59857 ;1.90189;4938945;412850;ok;;oui;2;non;Tumulus + cayrou;;;T2 p60;oui;
D. d'Auriac 1;;Corn;-;+;T C;44.59350 ;1.88498;4938415;411480;ok;;oui;oui;oui;;;;T2 p82;oui;
D. d'Auriac 3;;Corn;;+;;44.59319 ;1.88199;4938369;411262;;;;;;ruine;wiki;;;;
D.d'Auriac 2;;Corn;-;+;o;44.59167 ;1.88123;4938210;411190;ok;;non;oui;non;arbre au milieu;wiki;;;oui;
D. des Combarols; Peyre de l'Homme;Durbans;-;+;c;44.69175 ;1.78795;4949423;403961;;inscrit MH;;oui;oui;;;Descr;T1 p185;oui;
D. des Roques (B);;Durbans;-;+;T C;44.68939 ;1.79848;4949149;404792;;inscrit MH;oui;oui;oui;;;Desc;T1 p182;;
D. de la Borie Grande;;Durbans;-;;2,C;44.68433 ;1.74444;4948651;400501;;;non;oui;oui;double;;Descr;T1 p174;;
D. du Verdier Petit;D. de Ladignac;Durbans;+;+;C;44.67695 ;1.78272;4947785;403522;;;non;oui;oui;Pierres sur couverture;Clottes;Descr;T1 p180;;
D. d'Escasals;;Durbans;-;;;44.65972 ;1.76303;4945895;401932;;;;;;Double;;Descr;;;
D. du Suquet;D. de Cavagnès ?;Espagnac;;+;t 1O;44.60492;1.86503;4939690;409934;ok;;Restes;1;non;;;;;;
D. de Coste Pialade ;Ste Eulalie (Tombe de César);Espagnac;-;+;t O(c);44.59659;1.86747;4938762;410115;ok;;Restes;oui;Morceaux;Entrée latérale;wiki;;T2 p86;;
D. de Cavagnès;;Espagnac;;;TO(c);;;;;;;oui;oui;Déplacée;2 D.;;;;;
D. de Vichelle;Cabanes;Espédaillac;-;+;tOc;44.64510 ;1.81170;4944214;405767;;;oui;oui;3 morceaux;;;;T1 p202;;
D. de Place del Sol;Pierre Levée;Espédaillac;-;+;T C;44.64466 ;1.78073;4944201;403311;;;oui;oui;oui;;Clottes;Descr;T1 p200;;
D. du Pech Ventoux;;Espédaillac;+;+;2;44.63640 ;1.80090;4943260;404897;;;oui;oui;Cassée;Dolmen double;;Descr;T1 p196;;
D. de Peyrefit;;Espédaillac;+;+;C;44.62180 ;1.79110;4941649;404095;;;non;oui;oui;;Clottes;Descr;T1 p192;;
D. de l'Artillou;;Espédaillac;+;+;C;44.61562 ;1.78681;4940968;403745;;;non;oui;oui;;;Descr;T1 p190;;
D. de Ginouillac;;Espédaillac;-;;C;44.60203 ;1.77669;4939470;402919;;;non;oui;oui;;wiki;Descr;T1 p188;oui;
D. de Ferrières;;Faycelles;-;;O;44.57381 ;1.99367;4936100;420100;;;non;oui;non;;wiki;;T2 p236;;
D. du mas de Bessières;;Faycelles;-;;C;44.55649 ;1.97005;4934200;418200;;;non;oui;oui;;;;T2 p240;;
D. la Pierre Levée;;Faycelles;+;;C;44.5542 ;1.98057;4933935;419033;;;non;oui;oui;;;Descr;T2 p238;;
D. des Escabasses;Presbytère;Flaujac;-;+;t C;44.71713 ;1.79549;4952234;404600;;;restes;oui;oui;Bord de route;;Descr;T1 p170;oui;
D. des Escabasses 2;;Flaujac;;;TO;;;;;;;Allongé;oui;non;Vestibule;;;;;
D. de Sadouilles;;Flaujac;-;;t;44.70887 ;1.75233;4951368;401168;;;restes;3 dalles ?;;Détruit;;Descr;;;
D. des Mazuquarts;;Flaujac;-;;;44.69874 ;1.75445;4950240;401318;;;Restes;oui;non;Vestibule;;Descr;;;
Le Triadou;;Flaujac;;;TO;;;;;;;Allongé;oui;non;;;;;;
D. d'Uffande;;Floirac;;;TO;44.9175;1.68111;4974632;395902;;;oui;oui;non;;;;;;
D. de camp del Prieu;Peyrelevade;Floirac;;+;;44.91305;1.68159;4974138;395938;;;;;;;;;;;
D. de la Combe de Xey;;Floirac;;;O(c);44.90694;1.68389;4973455;396103;;;;oui;déplacée;;;;T1 p326;;
D. du Pech-Cayrou;;Floirac;+;;t oC;44.90484 ;1.67337;4973235;395268;;;restes;cassés;oui;;;Descr;T1 p322;;
D. de Ressegayre;Cloup de Verny;Floirac;+;;;44.90161 ;1.67226;4972878;395175;;;;;;;;Descr;T1 p320;;
D. des Barthes;;Floirac;;;tO;44.89583;1.673611;4972234;395271;;;restes;oui;non;Vestibule;;Descr;T1 p318;;
D. des Barthes;;Floirac;;;tO;44.89333;1.67528;4971954;395398;;;oui;oui;non;Vestibule;;Descr;T1 p318;;
D. de Cloup de Roual;;Floirac;;;t O;44.8925;1.69639;4971835;397064;;;restes;oui;non;;;;T1 p328;;
D. de Candare 1;;Floirac;+;;tOC;44.89172 ;1.68279;4971766;395988;;;non;oui;oui;;;Descr;T1 p312;;
D. de Candare 2;;Floirac;;;T O;;;;;;;oui;oui;non;Au S du n°1;;;T1 p316;;
D. des Roucailles;;Floirac;;;;;;;;;;;;;;;;;;
D. le Douyounet;Combescure;Fontanes;+;+;T C;44.67142 ;1.63968;4947350;392175;;;oui;oui;oui;;wiki;Descr;T1 p229;;
D. de Nougayrac;;Fontanes;+;+;t C;44.6625 ;1.697;4946285;396702;;classé MH;restes;oui;oui;;wiki;Descr;T1 p231;oui;
D. de Pierre Basse;;Fontanes;;;;;;;;;;;;;;;;;;
D. des Cloups;;Ginouillac;-;;c;44.72388 ;1.53668;4953319;384115;;classé MH;non;oui;oui;;wiki;Descr;T1 p246;;
D. du Pech de Grammont;;Gramat;-;;2,TC;44.78479 ;1.67273;4959901;395000;;inscrit MH;oui;oui;oui;Dolmen double;grammont;Descr;T1 p60;;
D. du Terrou;;Gramat;-;;TO;44.77567 ;1.76235;4958776;402074;;;oui;oui;non;Vestibule;;Descr;;;
D. des  Plassous;Las Aspes;Gramat;-;;tO;44.77297 ;1.68947;4958566;396303;;classé MH;petit;oui;non;;wikipedia;Descr;;;
D. de Bouyé;D. des Rougières;Gramat;-;;T C;44.77244 ;1.74592;4958437;400769;;;oui;oui;oui;;;Descr;T1 p65;;
D. de Saint Chignes;Cayrou Gros;Gramat;-;+;T C;44.75012;1.76020;4955940;401861;ok;;oui;oui;oui;;;Descr;;oui;
D. de Courtille;;Gramat;;;tO;44.72541;1.75495;4953201;401403;;;restes;oui;non;;courtille;;;;
D. de la Crouzate;;Gramat;;;TO;;;;;;;oui;oui;non;;;;;;
D. de la Bournerie;;Gramat;;;TO;;;;;;;oui;oui;non;2 dolmens;;;;;
Tumulus;Borderie;Gréalou;-;+;T;44.55522 ;1.89846;4934133;412513;ok;;oui;;;Ronces;;;;;
Dolmen;le Clos;Gréalou;-;;;44.55044 ;1.88202;4933620;411200;;;;;;pas trouvé;;;;;
D. du puy Manau;Puy Manon;Gréalou;-;;t;44.54674 ;1.89003;4933200;411830;;;;dalle fond;;pas trouvé (détruit);;;;;
D. Pierre Levée du Cayre;Le Moulin;Gréalou;-;+;1O;44.54101 ;1.87762;4932577;410836;ok;;1;1;non;Restes en bord de route;;;;;
D. de Ganil;D. de Tessonières;Gréalou;+;+;T C;44.53527 ;1.90265;4931912;412816;ok;inscrit MH;oui;oui;oui;Longue chambre;;Descr;T2 p190;oui;
D. du Pech Laglaire 1;;Gréalou;+;+;T C;44.53485 ;1.86264;4931910;409636;ok;classé MH;oui;oui;oui;;Laglaire;Descr;T2 p200;oui;
D. du Pech Laglaire 2;;Gréalou;+;+;C;44.53461 ;1.86549;4931890;409861;ok;classé MH;non;oui;oui;;Laglaire;Descr;T2 p195;oui;
D.  Champs Cayrous;Tessonières;Gréalou;-;+;1O(C);44.53327 ;1.90537;4931689;413029;ok;;non;1 visible;déplacée;;;;;oui;
D. du Pech Laglaire 3;;Gréalou;-;+;T c;44.53288 ;1.86665;4931686;409952;ok;;oui;2;morceau;;Laglaire;;T2 p198;oui;
Pech Laglaire 4;;Gréalou;-;+;T;44.53215 ;1.85933;4931614;409369;;;oui;;;;;;;;
Pech Laglaire 5;;Gréalou;-;+;T;44.53191;1.86739;4931578;410009;ok;;oui;;;;;;T2 p199;;
D. de Sénil ;D. de Chénil;Gréalou;-;+;TO;44.52972 ;1.85544;4931347;409056;ok;;oui;oui;non;;;;T2 p203;oui;
D. des Aguals;Combe de l'ours;Gréalou;-;+;T C;44.52878;1.89439;4931200;412150;ok;inscrit MH;oui;oui;oui;;wikipedia;Descr;T2 p260;oui;
D. de Vandourgues;Mas Mondieu;Gréalou;+;+;C;44.52777 ;1.85406;4931132;408944;ok;;non;oui;oui;;;Descr;T2 p205;oui;
D. du Verdier;;Gréalou;;;;;;;;;;;;;3 dol.;;;;;
D. de Trégodinas;;Gréalou;;;To;;;;;;;oui;restes;;;;;;;
D. du Custalou;;Grèzes;+;+;C;44.6250 ;1.8140;4941978;405917;;classé MH;non;oui;oui;;wiki;Descr;T1 p206;;
D. du Cloup de Périès;D. des Ramades;Grèzes;+;;C;44.61690 ;1.82770;4941063;406991;;;non;oui;oui;;Clottes;Descr;T1 p208;oui;
Tumulus;Ligoussou;Grèzes;;+;T;44.61000;1.84883;4940265;408656;ok;;oui;;;;;;;;
D. du Ligoussou;Champ des Granges;Grèzes;+;+;T C;44.60987;1.85097;4940255;408826;ok;;oui;oui;oui;;wiki;Descr;T1 p210;oui;
Tumulus;Ligoussou;Grèzes;-;+;T;44.60990;1.85490;4940245;409140;ok;;oui;;;;;;;;
D. des Fourques Basses;;Grèzes;;;;44.60611;1.80972;4939885;405547;;;;;;;;;;;
D. du lac de Lapeyre;;Grèzes;;;tO;;;;;;;Traces;oui;non;;;;;;
D. de Lacoste ou des Girbes;Pierre Levée (Gary);Issendolus;-;+;Ct;44.75126;1.76424;4956062;402183;ok;;restes;2;oui;1 orthostat couché;;Descr;T1 p116;oui;
D. de Gary;D. des Combes;Issendolus;-;+;O(C );44.74756;1.76743;4955647;402429;;;non;2;déplacée;table 3 morceaux;Gary;;;;
D. de la Pierre Levée;D. de la Baune (Clottes);Issendolus;+;+;T C;44.74152;1.80471;4954938;405370;ok;classé MH;oui;oui;oui;;wiki;Descr;T1 p122;oui;
D. de Beaupendu;D. du Causse;Issendolus;-;+;1O;44.74100;1.76125;4954927;401929;;;non;1;non;;Beaupendu;;;;
D. de Souilhol;;Issendolus;;+;1O;44.7410;1.7645;4954922;402186;;;non;1 au Sud;non;;Souilhol;;;;
D. du Causse de Gabaudet 2;;Issendolus;;+;O(c);44.72042;1.75053;4952653;401045;;;non;oui;2 morceaux;;causse Gab. 2;;;;
D. de Gabaudet 1;Devèze;Issendolus;-;+;C;44.714836;1.75159;4952034;401119;;classé MH;non;oui;oui;;wiki;Descr;T1 p118;oui;
D. de Gabaudet 2;;Issendolus;-;+;C;44.71415 ;1.751164;4951951;401084;;classé MH;non;oui;oui;;wiki;Descr;T1 p120;oui;
D. les Places 1;;Lalbenque;;;t 1O;44.3645;1.5550;4913374;384860;;;oui;1;non;position approchée;;;;;
D. les Places 2;;Lalbenque;;;t O;44.3575;1.5677;4912578;385858;;;oui;oui;non;position approchée;;;;;
D. de la Borie Rouge;Peyrelevade;Lalbenque;;;C;44.35104;1.54306;4911895;383882;;;;oui;oui;;;Descr;;;
D. de Marcenac;;Lalbenque;;;TO(C);44.3318;1.6152;4909658;389595;;;oui;oui;déplacée;position approchée;;;;;
D. dit la Pierre-Levée;Pélissié;Lalbenque;+;;C;44.32524 ;1.57635;4908983;386485;;;non;oui;oui;;;Descr;;;
D. du Cuzoul 3;Balach ?;Lalbenque;;;t 1O;44.315;1.6093;4907800;389093;?;;oui;?;cassée;position approchée;;;;;
D. du Cuzoul 1;;Lalbenque;;;C;44.30726;1.60553;4906946;388778;;;;;oui;;;Descr;;;
D. du Cuzoul 2;;Lalbenque;;;(C );44.3068;1.60863;4906891;389024;;;non;?;oui;;;Descr;;;
D. de le Lebat;;Lalbenque;;;t (C );44.305;1.593;4906712;387774;?;;restes;?;oui;position approchée;;;;;
D. de Balach;Cuzoul 3 ?;Lalbenque;;;;;;;;;;;;;;;;;;
D. de Pélissié;Pierre levée ?;Lalbenque;;;C;;;;;;;non;oui;oui;;;;;;
D. de Cargoulet;D. du Cun;Larnagol;+;;O;44.51115 ;1.77506;4929377;402638;;;non;oui;non;;;Descr;T2 p337;;
D. du Pech des Agars;Peyro Cotado, Jantou 2;Larnagol;+;+;T C;44.49237 ;1.7532;4927318;400869;;classé MH;oui;oui;oui;;;Descr;T2 p334;;
D. du Mas de Jantou 5;;Larnagol;;;O;44.49237;1.7532;4927318;400869;;;;oui;;;;Descr;;;
D. du Mas de Jantou 1;Peyro Levado;Larnagol;-;;to(c);44.49232 ;1.75146;4927314;400731;;;restes;oui;morceau;;;Descr;T2 p330;;
D. de Lalbrade;Jantou 4;Larnagol;;;T O;44.4922;1.7492;4927303;400551;;;oui;oui;non;;;Descr;;;
D. du Mas de Jantou n° ?;;Larnagol;-;;C;44.488 ;1.753;4926832;400846;;;non;oui;oui;;;;T2 p328;;
D. du Pech de Bourrou;D.du Pech Raynal;Larroque-Toirac;-;+;O;44.52510;1.92403;4930760;414500;ok;;restes;oui;non;;;;T2 p246;oui;
D. Pech de Molinié ;;Larroque-Toirac;-;+;tOC;44.52252;1.92317;4930475;414427;ok;;restes;oui;oui;gariote + cayrou;;;T2 p252;oui;
D. Pech de Molinié 2 ;;Larroque-Toirac;;;O;;;;;;;restes;oui;non;;;Descr;;;
D. de la Fumade;;Larroque-Toirac;-;+;cO;44.52194;1.92623;4930407;414670;ok;;non;oui;morceaux;;;;T2 p250;oui;
D. dit la Pierre-Levée;;Lentillac;+;;C;44.55318;1.6477;4934206;392593;;classé MH;non;oui;oui;;;Descr;T1 p216;;
D.  Des Bouygues;;Lentillac;-;;C;44.549 ;1.641;4933750;392053;;;non;oui;oui;;;;T1 p220;;
D. d'Agranel;Bosgarnel, Bosc;Limogne;+;+;t C;44.41602 ;1.78491;4918799;403264;;classé MH;restes;oui;oui;;wiki;Descr;;;
D. de Pech-Lapeyre;"Lac-d'Aurié; Fourès";Limogne;+;;C;44.40169 ;1.7527;4917246;400676;;classé MH;non;oui;oui;;wiki;Descr;;;
D. dit de Joncas;;Limogne;+;;C;44.39016 ;1.75237;4915965;400630;;inscrit MH;non;oui;oui;;joncas;Descr;;oui;
D. de Pajot;La Peyrette;Limogne;;;C;44.38778;1.78;4915668;402827;;classé MH;non;oui;oui;;wiki;Descr;;;
D. de Ferrières-Haut;Pech Lavade;Limogne;+;;C;44.38157 ;1.74064;4915026;399681;;classé MH;non;oui;oui;;joncas;Descr;;;
D. Mas Rolland;;Limogne;;+;;44.38774;1.77988;4915664;402818;;;;;;;;;;;
D. de la Pierre Levée;;Limogne;;;;;;;;;;;;;;;;;;
D. du Pech de Mazuc;;Limogne;;;T1O;;;;;;;oui;1;non;ruiné;;;;;
D. du Cayrou Gros;;Limogne;;;tO;;;;;;;traces;oui;;;;;;;
D. de Rougié;;Livernon;+;+;C;44.66149 ;1.82055;4946024;406496;;;non;oui;oui;;wiki;Descr;T1 p131;;
D. de la Pierre-Martine;Boyne;Livernon;+;+;C;44.66081 ;1.82086;4945948;406519;;inscrit MH;non;oui;oui;;pierre-martine;Descr;T1 p128;;
Carrière de la Pierre Martine;;Livernon;;;;44.65941;1.82155;4945792;406571;;;;;;;;Descr;;;
D. de la Terre 1;La Balmette;Livernon;-;+;2O;44.64257;1.88951;4943846;411934;ok;;restes;2;non;Orthostats couchés;;;;oui;
D. de la Terre 2;La Cournayral;Livernon;-;+;T(C);44.63789 ;1.88962;4943325;411930;ok;;oui;2;déplacée;Couverture déplacée;wiki;;;oui;
D. le Cun;Bélinac;Livernon;-;+;TO;44.63568 ;1.87687;4943094;410921;ok;;oui;2;non;;wiki;;;oui;
Menhir de Bélinac;;Livernon;+;+;;44.63529;1.85888;4943070;409493;;classé MH;;;;;bélinac;Descr;T1 p132;oui;
D. de la Croze;Pech Mage, le Cun;Livernon;-;+;C;44.63457 ;1.86998;4942978;410370;ok;;non;oui;oui;Couverture fendue;wiki;;T1 p136;oui;
D. du Cloup Caoud 2;Le Cun;Livernon;-;+;O;44.63433 ;1.87750;4942943;410969;ok;;non;2;non;Dans murette;;;;oui;
D. du Cloup Caoud 1;Le Cun;Livernon;-;+;tO;44.63373 ;1.87792;4942872;411003;ok;;restes;2;non;Murette au chevet;wiki;;T1 p139;oui;
Tumulus;Bois bas;Livernon;-;+;T;44.63161 ;1.88816;4942630;411810;ok;;oui;;;;;;;;
D. du Mas de Tourel;;Livernon;;+;O;44.62885 ;1.85263;4942362;408988;;;non;2, 1 couché;non;;wiki;;;;
D. du Pouzat;Pech Peyrou;Livernon;+;+;C;44.62110 ;1.87010;4941482;410362;;inscrit MH;non;oui;oui;;wiki;Descr;T1 p134;oui;
D. de Boudoulou;;Livernon;;;O;;;;;;;non;2 inégaux;non;;;;;;
D. de la Boyme;;Livernon;;;TO(c);;;;;;;oui;oui;Morceaux;;;;;;
D. du Pech Plumet (B);;Loubressac;-;+;4O;44.85461 ;1.77495;4967530;403203;;;traces;4;non;Double;wiki;Descr;;;
D. du Pech Plumet (A);;Loubressac;+;+;C;44.85413 ;1.76968;4967483;402786;;;non;oui;oui;Vestibule;wiki;Descr;;oui;
D. d'Auraste;;Loubressac;-;+;C;44.85192 ;1.80392;4967197;405488;;;non;oui;oui;;wiki;Descr;;;
D. Cayrou de l'Homme Mort;Gintrac;Loubressac;;;T1O;44.87318;1.7591;4969611;401982;;;oui;1;non;;Viré;;;;
D. de Croix Hélène;D. des Breilles;Loubressac;;;;44.86028;1.765833;4968170;402492;;;;;;;Viré;;;;
D. de Siran;;Loubressac;;;C;;;;;;;non;2,1 couché;oui;;Clottes;;;;
D. de la Terre de Lacoste;;Loubressac;;;;;;;;;;;;;;;;;;
D. de Combes-Hautes;Pailhes Nord;Marcilhac;+;;C;44.56738 ;1.76238;4935639;401725;;;non;oui;oui;;;Descr;T2 p124;oui;
D. de Pourquayré;;Marcilhac;-;;T;44.55428 ;1.79511;4934145;404303;;;oui;;non;2 dolmens;;Descr;;;
D. du Mas de Jean Blanc;Métaierie haute;Marcilhac;+;+;C;44.55155 ;1.80261;4933833;404894;ok;;non;oui;oui;;wiki;Descr;T2 p114;oui;
D. de Péchaud;Borie-Haute, bout de la Combe;Marcilhac;+;+;tO;44.54799;1.80078;4933439;404743;ok;;restes;2;non;;;Descr;T2 p126;oui;
D. du Cloup de Payrol;;Marcilhac;-;+;TO;44.54775;1.79427;4933420;404225;ok;;oui;oui;non;;;;;oui;
D. de la Devèze-sud;;Marcilhac;-;+;T C;44.54648 ;1.75537;4933325;401133;ok;inscrit MH;oui;oui;oui;;Clottes;;T2 p134;oui;
D. de la Combe de Sole 3;n°1 Clottes;Marcilhac;-;+;C;44.54187;1.81352;4932745;405745;ok;;non;oui;oui;petit dolmen;wikipedia;Descr;T2 p132;oui;
D. de la Combe de Sole 2;;Marcilhac;-;+;T C;44.54031;1.81450;4932570;405820;ok;inscrit MH;oui;oui;oui;grand dolmen;wikipedia;Descr;T2 p128;oui;
D. de la Combe de Sole 1;n°3 Clottes;Marcilhac;-;+;tc;44.53856;1.81511;4932375;405866;ok;;restes;oui;oui;Dolmen écroulé;wikipedia;Descr;T2 p130;oui;
D, de Cune;D. de Majourals;Marcilhac;+;+;t C;44.53694 ;1.81323;4932197;405713;ok;;restes;oui;oui;carrefour D17;wiki;Descr;T2 p128;oui;
D. dit Peyrebru;;Miers;+;;t C;44.8835 ;1.69624;4970836;397036;;;restes;oui;oui;;;Descr;T1 p96;;
D. de Fieux 2;;Miers;+;+;T C;44.87967 ;1.69364;4970413;396824;;;oui;oui;oui;2 dol.;;Descr;T1 p93;;
D. de Fieux 1;;Miers;;;O;;;;;;;Traces;oui;non;;;;;;
D. de Gniars;D. de Ferrières;Miers;+;;O;44.87693 ;1.70341;4970097;397590;;;non;oui;non;;;Descr;T1 p100;;
D. du Pech des Auques;;Miers;;;;44.87389;1.67222;4969799;395121;;;;;;;wikipedia;;;;
D. de Barrières 1;;Miers;+;;t O;44.87132 ;1.69316;4969487;396771;;;non;oui;non;;;Descr;T1 p88;;
D. de Barrières 2;;Miers;;;C;44.87002;1.68995;4969346;396515;;;non;oui;oui;;wiki;Descr;;;
D. dit la Pierre-Levée;Barrières 3;Miers;+;;t C;44.8688 ;1.68375;4969219;396023;;inscrit MH;restes;oui;oui;;;Descr;T1 p90;;
D. de la Carture;;Miers;-;;tO;44.86377 ;1.68221;4968662;395892;;;restes;oui;non;;;Descr;;;
D. de Sabadel;;Miers;+;;T;44.86193 ;1.68729;4968451;396290;;;oui;;non;;;Descr;;;
D. de Moussié Haut;;Miers;+;;2,TO;44.85846 ;1.73416;4968007;399987;;;oui;oui;non;Dolmen double;;Descr;T1 p101;;
D. de la Borie de Lalé;;Miers;;;t,1O;;;;;;;oui;1;non;;;;;;
D. Combe de l'Ours 1;;Montbrun;-;+;T 2O;44.52945;1.89891;4931270;412510;ok;;oui;oui;non;;wikipedia;Descr;T2 p266;oui;
D. Combe de l'Ours 2;;Montbrun;-;+;T 2O(c);44.52626;1.89966;4930915;412565;ok;;oui;oui;cassée;;wikipedia;Descr;T2 p268;oui;
D. du Pech de Montbrun ;;Montbrun;;+;1o (c);44.52265;1.90870;4930504;413278;ok;;non;1;déplacée ?;;;;;oui;
D. du Pech de Montbrun;;Montbrun;-;;C;44.52260 ;1.90772;4930500;413200;;;non;oui;oui;pos. approchée;;;T2 p258;;
D. du Pech de Montbrun 2;;Montbrun;;+;t,1O;44.51998;1.90706;4930210;413143;ok;;restes;1;non;Gariote;;;;oui;
D. de Pech Joli;;Montbrun;-;+;t C;44.51760;1.90278;4929950;412800;ok;;Restes;oui;oui;;;;T2 p256;oui;
D. du Pech Roubert;;Montbrun;-;+;TO;44.51679 ;1.88455;4929880;411350;ok;;oui;oui;non;Gariote;;;T2 p272;oui;
D. du Mas de Gabat;;Montbrun;-;+;T 4O(C);44.51390 ;1.89006;4929553;411783;ok;;oui;4;déplacée;;;;T2 p270;oui;
D de Péchette;;Montfaucon;-;;T,4O;44.685 ;1.5608;4948966;385949;;;long;4;non;Double;;Descr;;;
D. de Pierre Basse;;Montfaucon;-;;C;44.6744 ;1.6072;4947725;389606;;;non;oui;oui;Arbre au milieu;wiki;;T1 p242;oui;
D. de Cambajou;;Montfaucon;+;;tC;44.6716 ;1.6194;4947397;390568;;;restes;oui;oui;;wiki;Descr;T1 p240;oui;
D. du Frau;;Montfaucon;;;t ?;;;;;;;;;;;;;;;
D. de Barrade;;Montvalent;;;TO;44.88018;1.65217;4970524;393549;?;;oui;oui;non;;;Descr;;;
D. de la Masse;;Montvalent;;;;44.8800;1.6180;4970549;390850;;;;;;;;;;;
D. de Liade;;Montvalent;;;T 1O;44.87236;1.64246;4969668;392768;;;oui;1;non;;;Descr;;;
D. de Barthe Soubronne;;Montvalent;;;t O(C);44.86329;1.65882;4968639;394043;;;restes;oui;déplacée;D. à vestibule;;Descr;T1 p332;;
D. de Pélasse;;Montvalent;;;TO;44.86113;1.63004;4968437;391766;?;;oui;oui;non;D. à vestibule;;Descr;;;
D. de la Salardie;;Montvalent;;;TO;44.855;1.63722;4967746;392321;;;oui;oui;non;;;;;;
D. des Placels;;Montvalent;;;T O(c);44.85079;1.64431;4967269;392874;;;oui;oui;morceaux;;;Descr;T1 p335;;
D. du Roc de Corn;;Montvalent;;;TO(C);;;;;;;oui;oui;déplacée;;;;;;
D. du moulin;;Orniac;;;t,1o;;;;;;;oui;1;non;2 D. ruinés;;;;;
D. de Bougoulat;;Padirac;+;;TOC;44.86533 ;1.75865;4968740;401934;;;oui;oui;cassée;Vestibule;padirac;Descr;;;
D. de la croix d'Hélène;;Padirac;-;;c;44.86098 ;1.76465;4968250;402400;;;non;oui;petite;;padirac;;T1 p85;;
D. d'Andrieu;Champ de Monsieur;Padirac;+;;2,TC;44.85634 ;1.74142;4967762;400557;;;oui;oui;oui;Dolmen double;padirac;Descr;T1 p78;;
D. dit des Pendus (C);Bouygue Longue (C);Padirac;-;;T;44.85581 ;1.75675;4967685;401767;;;oui;;non;;padirac;Descr;;;
D. des Escurettes;Salvage (B);Padirac;+;;TC;44.85507 ;1.74405;4967618;400763;;;oui;oui;oui;Vestibule;padirac;Descr;T1 p82;;
D. dit des Pendus;Bouygue Longue (A);Padirac;+;;toc;44.85442 ;1.75539;4967532;401658;;;restes;oui;petite;;padirac;Descr;T1 p86;;
D. des Calcas;D. de Penot;Padirac;+;;toc;44.85122 ;1.75941;4967172;401970;;;restes;oui;petite;2 dol;padirac;Descr;T1 p84;;
D. des Claouzelles;;Padirac;-;;;44.84194;1.752778;4966149;401430;;;;;;;padirac;Descr;;;
D. de la Terre de Lacoste;;Padirac;;;tO;44.86237;1.75773;4968412;401856;;;1;oui;non;;padirac;;;;
D. du Moulin (A);;Reilhac;-;;;44.7011 ;1.72;4950544;398593;;;;;;;;Descr;;;
D. de Bugadou;;Reilhac;;;;;;;;;;;;;;;;;;
D. de la Grange des Rouquets;;Reilhac;;;;;;;;;;;;;;;;;;
D. du puits de Gabaudet;;Reilhac;;;;;;;;;;;;;ruiné;;;;;
D. des Causses hauts 2;;Reyrevignes;+;+;C;44.65430 ;1.90040;4945137;412815;;;non;oui;oui;;;;T1 p144;oui;
D. des Causses hauts 1;;Reyrevignes;+;+;C;44.65100 ;1.89580;4944775;412445;;;non;oui;oui;;;;T1 p144;oui;
D. du Champ de Cuzer;Imbarcous;Reyrevignes;+;+;C;44.63602 ;1.89837;4943108;412630;;;non;oui;oui;Table cassée;;Descr;T1 p147;oui;
"D; des Fragives";;Reyrevignes;;;t,1o;;;;;;;oui;1;non;;;;;;
D. de Lacam;;Rocamadour;;;;44.84833;1.65389;4966983;393626;;;;;;;;;;;
D. de la Rue;;Rocamadour;-;;TO;44.83704 ;1.64104;4965746;392590;;;oui;oui;non;;;Descr;;;
D. du Pech de Gourbières (B;;Rocamadour;-;;;44.83194 ;1.59265;4965245;388755;;;;;;;Gourbières;Descr;;;
D. du Pech de Gourbières (A);;Rocamadour;-;;;44.83174 ;1.59272;4965222;388761;;;;;;;Gourbières;Descr;;;
D. des Plantoux;D. de la Rue;Rocamadour;-;;C;44.82925 ;1.65128;4964867;393385;;;non;oui;oui;;;Descr;T1 p110;;
D. du Pouget;;Rocamadour;;;;44.82806;1.62639;4964768;391415;;;;;;;;;;;
D. d'En Caminou;;Rocamadour;;;to;44.79944;1.66528;4961538;394437;;;oui;oui;non;2è Dol,;;;;;
P. Levée de la Pannonie;D. de Magès (les Places);Rocamadour;+;;T C;44.78678 ;1.6133;4960200;390302;;classé MH;oui;oui;oui;Vestibule;;Descr;T1 p106;;
D. des Places;;Rocamadour;;;TO;;;;;;;oui;oui;non;;;;;;
D. du Bois d'Alis;Peyrefie;Rocamadour;;;tO;;;;;;;oui;oui;non;;;;;;
D. du Pech de Bourel;;Rocamadour;;;to;;;;;;;;;;2 dol,;;;;;
D. des Agars;;Saint Chels;+;+;C;44.547350 ;1.817690;4933349;406085;ok;classé MH;non;oui;oui;;wiki;Descr;T2 p226;oui;
D. d'Aubin;;Saint Chels;-;+;C;44.54669 ;1.81323;4933280;405730;ok;classé MH;non;oui;oui;;wiki;Descr;T2 p223;oui;
D. du Pech d'Agaïo;Pech de Fourès;Saint Chels;+;+;C;44.54421 ;1.81669;4933001;406001;ok;classé MH;non;oui;cassée;écroulé;wiki;Descr;T2 p228;oui;
D. de la Peyrière;;Saint Chels;-;;tc;44.52155;1.84646;4930450;408330;;;traces;oui;cassée;introuvable;;;T2 p210;;
D. des Strabols;;Saint Chels;-;+;t O(c);44.51949;1.83499;4930234;407415;ok;;restes;;déplacée;;;;T2 p212;oui;
D. du Mas-de-Pezet;Gaubert;Saint Chels;+;;t C;44.50927 ;1.80221;4929137;404793;;inscrit MH;restes;oui;oui;;mas des pezet;Descr;T2 p218;;
D. de Cabrone;;Saint Chels;-;;O;44.50784 ;1.78345;4929000;403300;;;non;oui;non;;;;T2 p221;;
D. de Saint Bérot;;Saint Chels;;;O(c);;;;;;;traces;oui;déplacée;;;;;;
D. du Bout de la Combe;;Saint Chels;;;O;;;;;;;non;oui;non;voir Péchaud ?;;;;;
D. du Devès;;Saint Chels;;;;;;;;;;;;;;;;;;
D. de Pourquayret;;Saint Chels;;;O;;;;;;;non;;non;;;;;;
D. de Rigou;;Saint-Projet;-;;C;44.75806 ;1.49786;4957172;381111;;;non;;oui;;;Descr;T1 p268;oui;
D. de Peyrebrune;;Saint-Projet;;;;44.7285;1.50036;4953885;381248;;;;;;;;Descr;;;
Cromlech de Peyrebrune;;Saint-Projet;;;;44.73194;1.49861;4954269;381117;;;;;;;;Descr;T1 p270;;
D. de Roucous;Pech du Cros ?;Saint-Simon;+;+;C;44.71056 ;1.83035;4951464;407351;;;?;;cassée;Accès interdit par le propr.;;Descr;;;
D. du Bois;;Saint-Simon;;;TO;;;;;;;oui;oui;non;Sommet pech;;;;;
D. de Pech-Curet;;Salviac;+;;;44.69584 ;1.28697;4950590;364274;;;;;;;;Descr;T1 p273;oui;
D. du Pech de Gadal;Mas de Galdot, P. levée des Pouzols;Sauliac;+;;C;44.52822 ;1.7241;4931336;398618;;;non;;oui;;;Descr;T2 p138;;
D. dit la Pierre Levée;Pech de la Garde;Sauliac;-;;t C;44.51632 ;1.74146;4929992;399977;;;restes;2, droit couché;cassée;;;Descr;T2 p144;;
D. du Cloup del Prioun;Pech Grand;Sauliac;-;;C;44.50461 ;1.6878;4928759;395691;;inscrit MH;oui;oui;oui;;;Descr;T2 p141;;
D. des Pouzols;Métairie basse;Sauliac;;;C;;;;;;;;;cassée;;;;;;
D. des Cuzals 1;;Sauliac;;;tO;;;;;;;oui;oui;non;;;;;;
D. des Cuzals 2;;Sauliac;;;tOC;;;;;;;oui;oui;oui;;;;;;
D. d'Hiade Haute;;Sonac;;;tO;;;;;;;oui;oui;non;Chemin sur Tum,;;;;;
D. des Igues;;Sonac;;;tO;;;;;;;oui;oui;non;Gariote;;;;;
D. du Cazuéla;;Sonac;;;tO;;;;;;;oui;oui;non;;;;;;
D. de Nougayrac;;St Martin Labouval;-;;t,1o;44.4827 ;1.7155;4926290;397855;;;oui;1;non;;;Descr;;;
D. des Choulbes;;St Martin Labouval;;;tO;;;;;;;oui;oui;non;Cayrou;;;;;
D. du Frau;;St Martin Labouval;;;tO;;;;;;;oui;oui;non;Sommet pech;;;;;
D. des Parts;;St Martin Labouval;;;TO;;;;;;;gros;oui;non;;;;;;
D. du Pech de Tuile;;St Martin Labouval;;;tO;;;;;;;oui;oui;non;Coupe feu;;;;;
D. des Cazelles Longues;;St Pierre Toirac;-;+;O(C);44.54434;1.94910;4932872;416520;ok;;non;1 cassé 1 couché;déplacée;écroulé;;Descr;;oui;
D. de Pierre Grosse;;St Pierre Toirac;-;+;TO(C);44.53908 ;1.95461;4932280;416950;ok;;restes;oui;déplacée;écroulé;;Descr;;oui;
D. les Cloupadous;;St Pierre Toirac;;;O;;;;;;;;oui;non;Cayrou;;;;;
D. du Rat;;St Sulpice;+;+;T C;44.58118 ;1.78234;4937148;403333;;inscrit MH;oui;;oui;;Clottes;Descr;T2 p108;oui;
D. de la Cabroulate;;Thémines;;;;;;;;;;;;;Détruit;;;;;
D. du Pech de Lavayssière;;Thémines;;;t,1o;;;;;;;oui;1;non;;;;;;
D. de Salers;D. des Places;Théminettes;;;t O;44.72146;1.84203;4952661;408293;;;restes;oui;non;;niederlender;;;;
Tumulus de Salers 2;;Théminettes;;;T;44.72140;1.84096;4952655;408208;;;oui;;;;;;;;
Tumulus de Salers 1;;Théminettes;;;T;44.72116;1.84170;4952628;408266;;;oui;;;;;;;;
D. de Fallière;;Théminettes;;;1o;;;;;;;non;1;non;;;;;;
D. du Mas du Causse;;Théminettes;;;t,1o;;;;;;;oui;1;non;;;;;;
D. du Roucadour;;Théminettes;;;tc;;;;;;;restes;couchés;oui;;;;;;
D. des Carbonnières;;Tour-de-Faure;-;;C;44.47905 ;1.67981;4925930;395010;;;non;;oui;;;Descr;T2 p354;;
D. du Peyry;Les Carbonnières;Tour-de-Faure;;;tOC;;;;;;;oui;oui;oui;2 dol;;;;;
D. du Pech Lasserre;;Tour-de-Faure;;;tO(c);;;;;;;oui;oui;Morceaux;2 dol;;;;;