Nom;Commune;Pages Web;Remarques;Lieu;Classement;Lat;Lon
Dolmens de Viroulou Dolmen du Pech 1;Alvignac;;;6 dolmens;;44.84015;1.68073
Dolmens de Viroulou Pech 2 ou Causse Haut B;Alvignac;;;6 dolmens;;44.83974;1.67525
Dolmens de Viroulou Pech 3 ou Causse Bas B;Alvignac;;;6 dolmens;;44.84073;1.67337
Dolmens de Viroulou Pech 4 ou Causse Bas C;Alvignac;;;6 dolmens;;44.84029;1.67095
Dolmens de Viroulou Pech 5 ou Causse Bas A;Alvignac;;;6 dolmens;;44.84211;1.67334
Dolmens de Viroulou Pech 6 ou Causse Haut A;Alvignac;;;6 dolmens;;44.84164;1.67612
Dolmen de Garivals ;Assier;https://fr.wikipedia.org/wiki/Dolmen de Garivals;;autre nom Dolmen du Chemin des Combals Clottes p47 .;;44.67556;1.85444
Dolmen de la Table de Roux ;Assier;;;;;44.66861;1.85806
Dolmen de Mérigou ;Assier;;Ouvrage langue=fr titre=Clottes Jean. Midi-Pyrénées. In : Gallia préhistoire  tome 24  fascicule 2  1981. pp. 525-570  éditeur= année= passage=pages 539-540 isbn= lire en ligne=http://www.persee.fr/doc/galip_0016-4127_1981_num_24_2_1685#galip_0016-4127_1981_num_24_2_T1_0539_0000  - ;;;44.67870;1.86370
Dolmens de Mons Dolmen n° 1;Assier;https://fr.wikipedia.org/wiki/Dolmens de Mons;;3 dolmens<br autre nom Dolmens du Champ de Belair;;44.67861;1.86167
Dolmens de Mons Dolmen n° 2;Assier;https://fr.wikipedia.org/wiki/Dolmens de Mons;;3 dolmens<br autre nom Dolmens du Champ de Belair;;44.68194;1.8556
Dolmens de Mons Dolmen n° 3;Assier;https://fr.wikipedia.org/wiki/Dolmens de Mons;;3 dolmens<br autre nom Dolmens du Champ de Belair;;44.68361;1.85806
Dolmen du Bois-des-Bœufs ;Assier;https://fr.wikipedia.org/wiki/Dolmen du Bois-des-Bœufs;Base Mérimée PA00094968 ;;Classé MH 1889;44.677175;1.855942
Dolmen du Causse de Magre ;Assier;;;;;44.65111;1.8775
Dolmen du Pech Roussel ;Assier;;;;;44.65444;1.88389
Dolmen de lEscabassole ;Bach_(Lot);;Clottes 1977 p=51   - ;;;44.38301;1.67595
Dolmen de la Combe du Cornier ;Beauregard_(Lot);;;;;44.36861;1.77333
Dolmen de Combes-Salgue ;Béduer;;;autre nom La Peyro Grondo Clottes p53 Clottes 1977 p=53 ;;"44°33'51""";"1°56'06"""
Dolmen de Leï Barto ;Béduer;;Clottes p53   - ;;;44.5611;1.93333
Dolmen de Martignes ;Béduer;;;;;44.5694;1.90861
Dolmen de Sabin ;Béduer;;Clottes 1977 p=57   - ;;;44.56667;1.9025
Dolmen des Baillères ;Béduer;;;;;44.55139;1.93639
Dolmen des Garrigues ;Béduer;;Clottes p53   - ;;;"44°33'39""";"1°56'30"""
Dolmens des Justices Dolmen n° 1;Béduer;;;3 dolmens Clottes p55 Clottes 1977 p=55 ;;"44°33'41""";"1°55'45"""
Dolmens des Justices Dolmen n° 2;Béduer;;;3 dolmens Clottes p55 Clottes 1977 p=55 ;;"44°33'45""";"1°55'46"""
Dolmens des Justices Dolmen n° 3;Béduer;;;3 dolmens Clottes p55 Clottes 1977 p=55 ;;"44°33'44""";"1°55'47"""
Dolmen du Cloup de Coutze ;Béduer;https://fr.wikipedia.org/wiki/Dolmen du Cloup de Coutze;;;;44.56228;001.92353
Dolmen du Pech de la Roussille ;Béduer;;;;;44.56278;1.91778
Dolmen de Noble ;Boussac (Lot);;;;;44.58090;001.91394
Dolmens du Causse de Bullac ;Boussac (Lot);;;2 dolmens Clottes   en fait le N°2 est administrativement sur Corn;;44.59478;1.90327
Dolmen du Mas de Brézac ;Boussac (Lot);;;;;44.58446;001.91262
Dolmen du Mas de Brézac  champ de Palabre ;Boussac (Lot);;;Dolmen double;;"44°34'57""";"1°54'27"""
Dolmen du Mas de Brézac  les Tuilières ;Boussac (Lot);;;;;"44°34'58""";"1°54'35"""
Cayrou Gros ;Brengues;;;Dolmen dont la table a disparu depuis.;;44.55807;001.84209
Dolmen de Lapeyrière ;Brengues;https://fr.wikipedia.org/wiki/Dolmen de Lapeyrière;;;;44.60167;1.82167
Dolmen des Fourques Basses ;Brengues;;;;;44.60609;1.80993
Dolmen des Fourques Hautes ;Brengues;;;;;44.592396;1.821795
Dolmen du Pré de Linars ;Brengues;;;;;44.55541;001.84257
Dolmens du Mas dArjac   Dolmen n° 1;Cabrerets;https://fr.wikipedia.org/wiki/Dolmens du Mas d'Arjac;Base Mérimée PA00094993 ;3 dolmens autre nom Dolmen du Pech dAlcayre (dolmen n° 1);  Dolmen n° 1 <brInscrit MH 1966<brDolmen n° 3 détruit;44.5029;1.6747
Dolmens du Mas dArjac Dolmen n° 2;Cabrerets;https://fr.wikipedia.org/wiki/Dolmens du Mas d'Arjac;Base Mérimée PA00094993 ;3 dolmens autre nom Dolmen du Pech dAlcayre (dolmen n° 1);  Dolmen n° 1 <brInscrit MH 1966<brDolmen n° 3 détruit;44.501920;1.673790
Dolmen de Bouriou n°1 ;Cajarc;;;autre nom dolmen du Camp dInou Tou n° 1;;44.50171;1.86310
Dolmens dAubiac ;Calvignac;;;2 dolmens<brautre nom Dolmen des Quatre-Routes (dolmen n° 1);;44.43028;1.81417
Dolmen de Commun ;Calvignac;;;autre nom Dolmen du Pech Grillé;;44.432750;1.777528
Dolmen de la Pièce Grande ;Calvignac;;;;;44.43778;1.79472
Dolmen de Peyre Gagès ;Calvignac;https://fr.wikipedia.org/wiki/Dolmen de Peyre Gagès;;;;44.443436;1.777750
Dolmens du Mas-del-Duc Dolmen A;Calvignac;;;autres noms <brDolmen de Peyrelevade (n° 1) <br Dolmen du Pech Gayral (n° 2);;44.423060;1.783610
Dolmens du Mas-del-Duc Dolmen B;Calvignac;;;autres noms <brDolmen de Peyrelevade (n° 1) <br Dolmen du Pech Gayral (n° 2);;44.42289;1.78490
Dolmen de Pierre Levée ;Cambes (Lot);https://fr.wikipedia.org/wiki/Dolmen de Pierre Levée;Base Mérimée PA46000051 ;;Inscrit MH 2012;44.6262;1.9044
Le Communal ;Cambes (Lot);;Clottes p74  - ;;;44.62769;1.90291
Le Ruscou ;Cambes (Lot);;;;;44.62900;1.89859
Le Pournel ;Cambes (Lot);;Clottes p74  - ;;;44.62616;1.91076
Dolmen de Planagrèze ;Caniac-du-Causse;;;;;44.63444;1.66333
Dolmen de Cavarroc ;Carayac;;Clottes p75  - ;;;"44°32'31""";"1°54'57"""
Dolmen du Pech de la Curado ;Carayac;;Clottes p75  - ;;;"44°31'49""";"1°55'27"""
Dolmen des Igues de Magnagues ;Carennac;;;;;44.887225;1.731390
Dolmens du Noutary Dolmen A;Carennac;;Clottes 1977 p=77-79  ;8 dolmens;3 détruits  1 ruiné;44.9025;1.70861
Dolmens du Noutary Dolmen B;Carennac;;Clottes 1977 p=77-79  ;8 dolmens;3 détruits  1 ruiné;44.90639;1.70639
Dolmen de Los-Très-Peyros ;Castelfranc;;;autre nom Dolmen du Causse de Cousis;;44.5111;1.21528
Dolmen du Pech de Roquebert ;Castelfranc;;;;;44.51417;1.21889
Dolmens du Mas de Labat ;Cénevières;https://fr.wikipedia.org/wiki/Dolmens du Mas de Labat;Base Mérimée PA00095057 ;2 dolmens;Dolmen n° 2<brInscrit MH 1959;44.4436;1.731
Dolmen de Peyrelongue ;Corn;;;;;44.61714;1.89968
Dolmen du Pech dArsou ;Corn;https://fr.wikipedia.org/wiki/Dolmen du Pech d'Arsou;;;;44.61094;1.87918
Dolmens dAuriac Dolmen n° 1;Corn;https://fr.wikipedia.org/wiki/Dolmens d'Auriac;;3 dolmens  dolmen n° 3 incertain Clottes p86 ;;44.59371;1.88469
Dolmens dAuriac Dolmen n° 2;Corn;https://fr.wikipedia.org/wiki/Dolmens d'Auriac;;3 dolmens  dolmen n° 3 incertain Clottes p86 ;;44.59178;1.88104
Dolmens dAuriac Dolmen n° 3?;Corn;https://fr.wikipedia.org/wiki/Dolmens d'Auriac;;3 dolmens  dolmen n° 3 incertain Clottes p86 ;;44.59318;1.88194
Menhirs du Suquet ;Corn;;;2 menhirs douteux Clottes p89>Clottes 1977 p=89 ;;44.60589;1.87256
Dolmen du Mas de Parra ;Crégols;;;autres noms Dolmen de Pech Sec  Tombeu dau Gigant  Tombeau du Géant Clottes p89 ;;44.43167;1.7083
Dolmen de La Borie Grande ;Durbans;;;;;44.68361;1.74639
Dolmen des Combarols ;Durbans;;Base Mérimée PA46000048 ;autre nom Dolmen de Peyre de lHomme;Inscrit MH 2011;44.6916;1.7864
Dolmens des Roques Dolmen n° 1;Durbans;;Base Mérimée PA46000053 ;2 dolmens;Dolmen n° 2 <brInscrit MH 2012;44.6918;1.7978
Dolmens des Roques Dolmen n° 2;Durbans;;Base Mérimée PA46000053 ;2 dolmens;Dolmen n° 2 <brInscrit MH 2012;44.692;1.7984
Dolmen de Verdier-Petit ;Durbans;;;autre nom Dolmen de Ladignac;;44.6769;1.782852
Dolmen des Nouelles ;Escamps_(Lot);;Clottes 1977 p=91   - ;;;"44°21'41""";"1°35'39"""
Dolmen de Coste Pialade ;Espagnac-Sainte-Eulalie;;Clottes 1977 p=93   - ;autre nom Tombe de César; ;44.59662;1.86745
Dolmens de Cavagnès Dolmen A;Espagnac-Sainte-Eulalie;;;2 dolmens Clottes p93 ;;44.60467;1.86481
Dolmens de Cavagnès Dolmen B;Espagnac-Sainte-Eulalie;;;2 dolmens Clottes p93 ;;44.60496;1.86502
Dolmen de lArtillou ;Espédaillac;;;;;44.61639;1.78694
Dolmen de Peyrefit ;Espédaillac;;;;;44.62167;1.79111
Dolmen de Place du Sol ;Espédaillac;;;autres noms Pierre Levée  Peyrière Clottes p95 ;;44.64469;1.78068
Dolmen du Pech Ventoux ;Espédaillac;;;2 dolmens Clottes p93 ;;44.63639;1.80083
Dolmens de Ginouillac ;Espédaillac;;Clottes p93 ;2 dolmens;1 détruit;44.59667;1.77417
Dolmen de Ferrières ;Faycelles;;Clottes 1977 p=95   - ;;;44.57409;001.99389
Dolmen du Mas de Bessières ;Faycelles;;Clottes p95  - ;;;"44°33'25""";"1°58'12"""
Pierre Levée (Faycelles) ;Faycelles;https://fr.wikipedia.org/wiki/Pierre Levée (Faycelles);;;;44.55383;001.98159
Dolmens des Escabasses ;Flaujac-Gare;;:28 ;3 dolmens Clottes p97 ;1 détruit;44.71718;1.79571
Dolmen de Camp del Prieu ;Floirac_(Lot);;;autre nom Peyrelevade;;44.91306;1.68167
Dolmens de Candare Dolmen A;Floirac_(Lot);;;2 dolmens;;44.891772;1.682733
Dolmens de Candare Dolmen B;Floirac_(Lot);;;2 dolmens;;44.891208;1.681262
Dolmen de la Combe de Xey ;Floirac_(Lot);;;;;44.90694;1.68389
Dolmen de Cloup de Roual ;Floirac_(Lot);;;;;44.892982;1.695793
Dolmen dUffande ;Floirac_(Lot);;Clottes 1977 p=103   - ;;;44.917442;1.681151
Dolmen du Pech-Cayrou ;Floirac_(Lot);;;;;44.904991;1.673401
Dolmens des Barthes Dolmen A;Floirac_(Lot);;;2 dolmens;;44.895847;1.673565
Dolmens des Barthes Dolmen B;Floirac_(Lot);;;2 dolmens;;44.8934;1.6752
Dolmen de Combescure ;Fontanes-du-Causse;;;autre nom Dolmen du Douyounet;;44.67139;1.63944
Pierre Levée de Nougayrac ;Fontanes-du-Causse;;Base Mérimée PA00095091 ;;Classé MH 1989;44.6633;1.697
Dolmen des Cloups ;Ginouillac;https://fr.wikipedia.org/wiki/Dolmen des Cloups;Base Mérimée PA00095097 ;;Classé MH 1973;44.7239;1.5367
Dolmen du Cayrou de LHomme Mort ;Gintrac;;;;;44.87318;1.7591
Dolmen de Costeraste ;Gourdon_(Lot);;;;;44.706029;1.343571
Dolmen de Bouyé ;Gramat;;;autre nom Dolmen des Rougières Clottes p107>Clottes 1977 p=107 ;;44.773150;1.744304
Dolmen de Saint-Chignes ;Gramat;;;;;44.749287;1.760402
Dolmen des Plassous ;Gramat;https://fr.wikipedia.org/wiki/Dolmen des Plassous;Base Mérimée PA00095104 ;autres noms Dolmen des Aspes  Dolmen de Pissebas;Classé MH 1889;44.7729;1.6896
Dolmen du Terrou ;Gramat;;Clottes 1977 p=110   - ;;;44.774170;1.761940
Dolmen du Pech de Grammont ;Gramat;https://fr.wikipedia.org/wiki/Dolmen du Pech de Grammont;Base Mérimée PA46000055 ;;Inscrit MH 2012;44.7848;1.6727
Dolmen de Ganil ;Gréalou;https://fr.wikipedia.org/wiki/Dolmen de Ganil;Base Mérimée PA46000049 ;;Inscrit MH 2011;44.535100;1.903741
Dolmen des Aguals ;Gréalou;https://fr.wikipedia.org/wiki/Dolmen des Aguals;Base Mérimée PA46000021 Base Mérimée PA46000022 ;autre nom Dolmen de la Combe de lOurs;Inscrit MH 2001;44.5288;1.8944
Dolmen des Vandourgues ;Gréalou;;;autre nom Dolmen du Mas-Mondieu;;44.52773;001.85436
Dolmen du Chenil ;Gréalou;;;Autre nom Dolmen de Senil;;"44°31'47""";"1°51'19"""
Dolmens de Pech Laglaire Dolmen n° 1;Gréalou;https://fr.wikipedia.org/wiki/Dolmens de Pech Laglaire;Base Mérimée PA00095105 ;3 dolmens <br autre nom Dolmens du Mas-de-Pégouriès;Dolmens n° 1 et 2 <brClassé MH 1978;44.5346;1.8626
Dolmens de Pech Laglaire Dolmen n° 2;Gréalou;https://fr.wikipedia.org/wiki/Dolmens de Pech Laglaire;Base Mérimée PA00095105 ;3 dolmens <br autre nom Dolmens du Mas-de-Pégouriès;Dolmens n° 1 et 2 <brClassé MH 1978;44.534726;1.865461
Dolmens de Pech Laglaire Dolmen n° 3;Gréalou;https://fr.wikipedia.org/wiki/Dolmens de Pech Laglaire;Base Mérimée PA00095105 ;3 dolmens <br autre nom Dolmens du Mas-de-Pégouriès;Dolmens n° 1 et 2 <brClassé MH 1978;44.532843;1.866712
Dolmen de Custalou ;Grèzes (Lot);https://fr.wikipedia.org/wiki/Dolmen de Custalou;Base Mérimée PA00095108 ;;Classé MH 1965;44.6249;1.8137
Dolmen de Ligoussou ;Grèzes (Lot);;;autre nom Dolmen du Champ des Granges;;44.609781;1.851021
Dolmen du Cloup-de-Périès ;Grèzes (Lot);;;autre nom Dolmen des Ramades;;44.616967;1.827679
Dolmen de Gary ;Issendolus;;;autre nom Dolmen des Combes;;44.747337;1.768170
Dolmen de la Baune ;Issendolus;https://fr.wikipedia.org/wiki/Dolmen de la Baune;Base Mérimée PA00095110 ;autre nom Pierre Levée;Classé MH 1988;44.74158;1.80499
Dolmen de la Pierre-Levée de Lacoste ;Issendolus;;;;;44.751459;1.764131
Dolmen de Souilhol ;Issendolus;;Clottes 1977 p=117   - ;;;44.7410;1.7645
Dolmens de Gabaudet Dolmen n° 1;Issendolus;https://fr.wikipedia.org/wiki/Dolmens de Gabaudet;Base Mérimée PA00095109 ;2 dolmens;Classé MH 1934;44.71487;1.75141
Dolmens de Gabaudet Dolmen n° 2;Issendolus;https://fr.wikipedia.org/wiki/Dolmens de Gabaudet;Base Mérimée PA00095109 ;2 dolmens;Classé MH 1934;44.71392;1.75299
Dolmen des Jasses ;Labastide-Marnhac;https://fr.wikipedia.org/wiki/Dolmen des Jasses;;autre nom Dolmen de Peyre Levade;;44.378129;1.361078
Dolmen de la Croix Blanche ;Lachapelle-Auzac;https://fr.wikipedia.org/wiki/Dolmen de la Croix Blanche;;;;44.92361;1.49028
Dolmen de la Pierre-Levée ;Lalbenque;;;;;44.325189;1.575974
Dolmen des Cartayroux ;Lanzac;;;autre nom Dolmen de Cieurac;;44.88677;1.45867
Dolmens de la Borie du Bois ;Laramière;;Base Mérimée PA00095123 ;2 dolmens <brautre nom <brDolmen de Peyro Levado (dolmen n° 1);Classé MH 1984;44.3503;1.8443
Dolmens de Marcigaliet  Dolmen A;Laramière;https://fr.wikipedia.org/wiki/Dolmens de Marcigaliet ;Base Mérimée PA00095124 ;6 dolmens;Classé MH 1989<br<small>(dolmen n° 1)</small>;44.3641;1.8528
Dolmens de Marcigaliet  Dolmen B;Laramière;https://fr.wikipedia.org/wiki/Dolmens de Marcigaliet ;Base Mérimée PA00095124 ;6 dolmens;Classé MH 1989<br<small>(dolmen n° 1)</small>;44.360311;1.852119
Dolmens du Mas de Jantou Dolmen A;Larnagol;https://fr.wikipedia.org/wiki/Dolmens du Mas de Jantou;Base Mérimée PA00095126 ;5 dolmens<br autres noms<br Peyro Levado (Mas de Jeantou n° 1) <br Peyro Cotado (Mas de Jeantou n° 2);Classé MH 1989 <small>(Peyro Cotado)</small>;44.49211;1.75173
Dolmens du Mas de Jantou Dolmen B;Larnagol;https://fr.wikipedia.org/wiki/Dolmens du Mas de Jantou;Base Mérimée PA00095126 ;5 dolmens<br autres noms<br Peyro Levado (Mas de Jeantou n° 1) <br Peyro Cotado (Mas de Jeantou n° 2);Classé MH 1989 <small>(Peyro Cotado)</small>;44.49240;1.75324
Dolmens du Mas de Jantou Dolmen A;Larnagol;https://fr.wikipedia.org/wiki/Dolmens du Mas de Jantou;Base Mérimée PA00095126 ;5 dolmens<br autres noms<br Peyro Levado (Mas de Jeantou n° 1) <br Peyro Cotado (Mas de Jeantou n° 2);Classé MH 1989 <small>(Peyro Cotado)</small>;44.92033;1.751389
Dolmens du Mas de Jantou Dolmen B;Larnagol;https://fr.wikipedia.org/wiki/Dolmens du Mas de Jantou;Base Mérimée PA00095126 ;5 dolmens<br autres noms<br Peyro Levado (Mas de Jeantou n° 1) <br Peyro Cotado (Mas de Jeantou n° 2);Classé MH 1989 <small>(Peyro Cotado)</small>;44.48820;1.75470
Dolmen de Surgès ;Lavercantière;https://fr.wikipedia.org/wiki/Dolmen de Surgès;Base Mérimée PA46000063 ;;Inscrit MH 2014;44.6203;1.3047
Pierre Levée (Lentillac-du-Causse) ;Lentillac-du-Causse;https://fr.wikipedia.org/wiki/Pierre Levée (Lentillac-du-Causse);Base Mérimée PA00095133 ;autre nom <brDolmen de Peyrelevade;Classé MH 1989;44.553162;1.647689
Dolmen des Bouygues ;Lentillac-du-Causse;;;;;44.55028;1.64528
Les Trois Pierres ;Les Junies;;;dolmen<brautre nom Dolmen de Quetty Clottes p118 ;;44.532575;1.217111
Menhirs de Roquebert ;Les Junies;;;authenticité douteuse Clottes p117 ;;44.5225;1.22306
Dolmen dAgranel ;Limogne-en-Quercy;https://fr.wikipedia.org/wiki/Dolmen d'Agranel;Base Mérimée PA00095137 ;;Classé MH 1959;44.4161;1.7847
Dolmen de Ferrières-Haut ;Limogne-en-Quercy;https://fr.wikipedia.org/wiki/Dolmen de Ferrières-Haut;Base Mérimée PA00095138 ;;Classé MH 1959;44.381586;1.740562
Dolmen de Joncas ;Limogne-en-Quercy;https://fr.wikipedia.org/wiki/Dolmen de Joncas;Base Mérimée PA00095139 ;;Inscrit MH 1959;44.39;1.7519
Dolmen de Pajot ;Limogne-en-Quercy;https://fr.wikipedia.org/wiki/Dolmen de Pajot;Base Mérimée PA00095140 ;;Classé MH 1959;44.3877;1.7799
Dolmen de Pech-Lapeyre ;Limogne-en-Quercy;https://fr.wikipedia.org/wiki/Dolmen de Pech-Lapeyre;Base Mérimée PA00095141 ;autre nom Dolmen du Lac dAurié;Classé MH 1889;44.4019;1.7523
Dolmen de la Croze ;Livernon;;;autre nom Dolmen de Pech Mage;;44.634522;1.869945
Dolmen de la Cun ;Livernon;;Clottes 1977 p = 141   - ;;;44.63557;1.87695
Dolmen de la Pierre Martine ;Livernon;https://fr.wikipedia.org/wiki/Dolmen de la Pierre Martine;:6  - Base Mérimée PA00095143 ;;Inscrit MH 1889;44.6608;1.8209
Dolmen de Peych Peyroux ;Livernon;https://fr.wikipedia.org/wiki/Dolmen de Peych Peyroux;:6  - Base Mérimée PA00095142 ;autre nom Dolmen des Pouzats;Inscrit MH 1980;44.621088;1.870117
Dolmen de Rougié ;Livernon;;;;;44.66147;1.82055
Dolmen du Mas de Tourelle ;Livernon;;:6  - ;;;44.62885;1.85263
Dolmens de la Terre Dolmen A;Livernon;;:6  - ;2 dolmens;;44.63267;1.88947
Dolmens de la Terre Dolmen B;Livernon;;:6  - ;2 dolmens;;44.63781;1.88961
Dolmens de Vichelle ;Livernon;;;3 dolmens  n° 2 sur Espédaillac :7>Clottes 1977 p = 142 ;;44.64494;001.81033
Dolmens du Cloup Caoud  Dolmen A;Livernon;;:5  - ;2 dolmens; ;44.63432;1.87741
Dolmens du Cloup Caoud  Dolmen B;Livernon;;:5  - ;2 dolmens; ;44.63376;1.87786
Menhir de Bélinac ;Livernon;https://fr.wikipedia.org/wiki/Menhir de Bélinac;:5  - Base Mérimée PA00095146 ;;Classé MH 1978;44.6352;1.859
Dolmen dHoraste ;Loubressac;;;;;44.851867;1.803860
Dolmen de Croix Hélène ;Loubressac;;;autre nom Dolmen des Breilles;;44.86028;1.7657
Dolmens de Pech Plumet Pech Plumet A;Loubressac;;;2 dolmens;;44.8542;1.769771
Dolmens de Pech Plumet Pech Plumet B;Loubressac;;;2 dolmens;;44.85445;1.774736
Dolmen de la Terre de Lacoste ;Loubressac;;;;;44.86237;1.75773
Dolmen des Combes Nègres ;Lugagnac;;;Carrière à coté;;44.412386;1.707243
Dolmen du Mas de Rastouillet ;Lugagnac;;;autre nom Grezo-de-Pouèto;;44.422709;1.738342
Dolmen de la Devèze ;Marcilhac-sur-Célé;https://fr.wikipedia.org/wiki/Dolmen de la Devèze;Base Mérimée PA46000006 ;;Inscrit MH 1997;44.5411;1.752
Dolmen de Majourals ;Marcilhac-sur-Célé;;;;;44.536933;1.813248
Dolmen des Combes-Hautes ;Marcilhac-sur-Célé;;;autre nom Dolmen de Pailhès-Nord;;44.5675;1.76194
Dolmen Mas Jean-Blanc ;Marcilhac-sur-Célé;;;autre nom Dolmen de la Borie-Haute;;44.551561;1.802579
Dolmens de la Combe de Saule Dolmen n° 1;Marcilhac-sur-Célé;https://fr.wikipedia.org/wiki/Dolmens de la Combe de Saule;Base Mérimée PA46000056 ;3 dolmens;Dolmen n° 2<br Inscrit MH 2012;44.538542;1.815138
Dolmens de la Combe de Saule Dolmen n° 2;Marcilhac-sur-Célé;https://fr.wikipedia.org/wiki/Dolmens de la Combe de Saule;Base Mérimée PA46000056 ;3 dolmens;Dolmen n° 2<br Inscrit MH 2012;44.539894;1.814594
Dolmens de la Combe de Saule Dolmen n° 3;Marcilhac-sur-Célé;https://fr.wikipedia.org/wiki/Dolmens de la Combe de Saule;Base Mérimée PA46000056 ;3 dolmens;Dolmen n° 2<br Inscrit MH 2012;44.541877;1.813557
Dolmen de Gniars ;Miers;;;autre nom Dolmen de Ferrières; ;44.87694;1.70361
Dolmen de la Carture ;Miers;;;;;44.86139;1.6875
Dolmen de Peyrebru ;Miers;;;;;44.883409;1.695960
Dolmen du Pech des Auques ;Miers;https://fr.wikipedia.org/wiki/Dolmen du Pech des Auques;;;;44.87389;1.6722
Dolmens des Barrières Dolmen n° 2;Miers;https://fr.wikipedia.org/wiki/Dolmens des Barrières;Base Mérimée PA46000057 ;3 dolmens<br autre nom Dolmen de la Pierre-Levée (dolmen n° 3);Dolmen n° 3 <brInscrit MH 2012;44.869971;1.689734
Dolmens des Barrières Dolmen n° 3;Miers;https://fr.wikipedia.org/wiki/Dolmens des Barrières;Base Mérimée PA46000057 ;3 dolmens<br autre nom Dolmen de la Pierre-Levée (dolmen n° 3);Dolmen n° 3 <brInscrit MH 2012;44.8688;1.6838
Dolmens des Fieux ;Miers;;;2 dolmens :8 ; ;44.87972;1.69333
Dolmen de Roland ;Montcuq;;;autre nom Dolmen de Font Auda :9 ;;44.367667;1.189744
Dolmen du Pech Nadal ;Montcuq;;;autre nom Dolmen de Tartugier :9 ;;44.316278;1.251944
Dolmen de Cambajou ;Montfaucon_(Lot);;;;;44.67167;1.6194
Dolmen de la Pechette ;Montfaucon_(Lot);;;;;44.685;1.56083
Dolmen de la Pierre Basse ;Montfaucon_(Lot);;;;;44.67444;1.60722
Pierre levée du Pech des Lèbres ;Montfaucon_(Lot);;;menhir probable :mnh probable>Article auteur1 = Guy Maynard titre = Nouvelles pierres dressées  possibles menhirs périodique = Bulletin de la Société des Études du Lot numéro = 3e fascicule année = 1998 issn = 0755-2483 lire en ligne =  pages =  volume = CXIX;;44.69556;1.62833
Menhir de Courtis ;Montgesty;;;;;44.56889;1.30333
Dolmen de Barrade ;Montvalent;;;;;44.876587;1.656326
Dolmen de Barthe Soubronne ;Montvalent;;;;;44.86367;1.66004
Dolmen de la Pélasse ;Montvalent;;Clottes 1977 p = 164   - ;;;44.86119;1.63391
Dolmen de la Salardie ;Montvalent;;:11  - ;;;44.85508;1.63709
Dolmen de Liade ;Montvalent;;Clottes 1977 p = 162  ;;ruiné;44.872336;1.642781
Dolmen des Placels ;Montvalent;;;;;44.8499;1.6454
Dolmen dAndrieu ;Padirac;;;autre nom Dolmen du Champ de Monsieur;;44.85611;1.74139
Dolmen dEscurettes ;Padirac;;;;;44.855;1.74389
Dolmen de Bougoulat ;Padirac;;;;;44.865;1.783
Dolmen des Calcas ;Padirac;;:13 ;2 dolmens;autre nom Dolmens de Penot;44.85111;1.75917
Dolmen des Claouzelles ;Padirac;;;;;44.84194;1.7528
Dolmens des Pendus   Dolmen 2;Padirac;;Clottes 1977 p = 166  ;3 dolmens;1 détruit;44.8556;1.75667
Dolmens des Pendus Dolmen 3;Padirac;;Clottes 1977 p = 166  ;3 dolmens;1 détruit;44.85417;1.75528
Dolmen de la Bertrandoune ;Prayssac;https://fr.wikipedia.org/wiki/Dolmen de la Bertrandoune;Base Mérimée PA00095184 ;;Inscrit MH 1988;44.52842;1.21846
Dolmen du Champ de Cuzer ;Reyrevignes;;;;;44.63583;1.89889
Dolmens des Causses Hauts Dolmen A;Reyrevignes;;;2 dolmens;;44.65498;001.89927
Dolmens des Causses Hauts Dolmen B;Reyrevignes;;;2 dolmens;;44.65093;001.89597
Dolmen de la Rue ;Rocamadour;;;autre nom Dolmen Les Plantoux :17 ;;44.829222;1.651256
Dolmen de Lacalm ;Rocamadour;;;;;44.84831;1.65386
Dolmen de Magès ;Rocamadour;https://fr.wikipedia.org/wiki/Dolmen de Magès;Base Mérimée PA00095197 ;;Classé MH 1971;44.78667;1.61333
Dolmen du Pouget ;Rocamadour;;;;;44.828247;1.626928
Dolmens dEn Caminou ;Rocamadour;;:16 ;2 dolmens;1 ruiné;44.79958;1.66535
Dolmens du Pech de Gourbière ;Rocamadour;;:17 ;2 dolmens;  1 ruiné;44.82723;1.59711
Dolmen des Clos Grands ;Saillac (Lot);https://fr.wikipedia.org/wiki/Dolmen des Clos Grands;Base Mérimée PA00095213 ;;Inscrit MH 1959;44.3257;1.7021
Menhir de Saillac ;Saillac (Lot);;;;;44.331808;1.757306
Dolmen dAubin ;Saint-Chels;https://fr.wikipedia.org/wiki/Dolmen d'Aubin;Base Mérimée PA00095224 ;;Classé MH 1989;44.5468;1.8132
Dolmen des Agars ;Saint-Chels;https://fr.wikipedia.org/wiki/Dolmen des Agars;Base Mérimée PA00095223 ;;Classé MH 1989;44.5475;1.8176
Dolmen du Mas de Pezet ;Saint-Chels;https://fr.wikipedia.org/wiki/Dolmen du Mas de Pezet;Base Mérimée PA00095225 ;;Inscrit MH 1988;44.509;1.8015
Dolmen du Pech dAgaïo ;Saint-Chels;https://fr.wikipedia.org/wiki/Dolmen du Pech d'Agaïo;Base Mérimée PA00095226 ;;Classé MH 1989;44.544167;1.816667
Dolmens de Pech-Seret Dolmen A;Saint-Jean-de-Laur;;;4 dolmens <br autre nom Dolmens des Bories;;44.42194;1.80639
Dolmens de Pech-Seret Dolmen B;Saint-Jean-de-Laur;;;4 dolmens <br autre nom Dolmens des Bories;;44.41917;1.80444
Menhir de Peyreficade ;Saint-Jean-Lagineste;;;autre nom Menhir de Peyrusse :mnh probable ;;44.822354;1.867919
Cromlech de Peyrebrune ;Saint-Projet (Lot);;;;;44.73194;1.49861
Dolmen du Rat ;Saint-Sulpice (Lot);https://fr.wikipedia.org/wiki/Dolmen du Rat;Base Mérimée PA46000050 ;;Inscrit MH 2011;44.581134;1.782111
Menhir de la Pierre-Levée ;Saint-Vincent-Rive-d'Olt;;;;;44.449988;1.279792
Dolmen du Pech Curet ;Salviac;;;;;44.695830;1.286942
Dolmen du Cloup Prioun ;Sauliac-sur-Célé;;Base Mérimée PA46000058 ;;Inscrit MH 2012;44.5047;1.6878
Dolmen du Mas de Galdot ;Sauliac-sur-Célé;;;;;44.52806;1.724167
Dolmen de Bartassou ;Sérignac_(Lot);;;;;44.4472;1.07556
Dolmen des Garroustes ;Sérignac_(Lot);;;;;44.43861;1.10667
Dolmen des Fosses ;Soucirac;https://fr.wikipedia.org/wiki/Dolmen des Fosses;Base Mérimée PA00095261 ;;Classé MH 1989;44.70281;1.49333
Dolmen Laval ;Souillac;;Base Mérimée PA00095264 ;;Classé MH 1984;44.91583;1.45472
Dolmen de Surgès ;Thédirac;https://fr.wikipedia.org/wiki/Dolmen de Surgès;PA46000063 ;;Inscrit MH 2013;44.6203;1.3047
Dolmen de Salers Dolmen;Théminettes;;;dolmens adjacents  avec 2 tumulus-satellites :33 <brautre nom Dolmen des Places;;44.72147;1.84203
Dolmen de Salers Tumulus n° 1;Théminettes;;;dolmens adjacents  avec 2 tumulus-satellites :33 <brautre nom Dolmen des Places;;44.72119;1.84169
Dolmen de Salers Tumulus n° 2;Théminettes;;;dolmens adjacents  avec 2 tumulus-satellites :33 <brautre nom Dolmen des Places;;44.72141;1.84090
Dolmen du Mas de Gobi ;Varaire;;;autre nom Dolmen du Mas de Coti;;44.35889;1.73222
